Name / Summary,X Post URL,Post ID,Value Score,Categories,Tags,Extracted Content,Author,Date Posted,Promoted,Vault Added Date,Key Best Practices
"Nav Toor - 10 GitHub repos for production AI engineering",https://x.com/heynavtoor/status/2047942872994029682,2047942872994029682,86,"AIEngineering,JobPreparation","#AIEngineering #GitHubRepos #90DayPlan #ProductionAI","10 battle-tested repos (LangGraph, CrewAI, Qdrant, Ollama, etc.) for landing AI engineering roles","heynavtoor",2026-04-25,FALSE,2026-05-25,"Build 3-5 production-style portfolio apps; prioritize LangGraph + CrewAI + Qdrant"
"Suryanshti777 - 10 Andrew Ng-style structured prompts",https://x.com/Suryanshti777/status/2047737762103890328,2047737762103890328,95,"PromptEngineering","#PromptEngineering #StructuredPrompts #AndrewNg","10 Andrew Ng-style structured prompts for complex tasks","Suryanshti777",2026-04-25,FALSE,2026-05-25,"Problem selection, architecture, pre-mortem, data strategy, iteration loops"
"JJ Englert - Building & governing Claude Cowork skills at org scale",https://x.com/JJEnglert/status/2047764744845615608,2047764744845615608,91,"AgentGovernance","#ClaudeCoworker #EnterpriseAI #Governance","Building & governing Claude Cowork skills at org scale","JJEnglert",2026-04-25,FALSE,2026-05-25,"Skill packaging, versioning, validation, connectors, governance"
"Om Patel - Karpathy-inspired CLAUDE.md file",https://x.com/om_patel5/status/2047550325624594667,2047550325624594667,84,"ClaudeWorkflows","#CLAUDE.md #KarpathyPrinciples","Karpathy-inspired CLAUDE.md file with behavioral guidelines","om_patel5",2026-04-25,FALSE,2026-05-25,"Think before coding, simplicity first, surgical changes, goal-driven execution"
"Josh Medeski - Link to CLAUDE.md repo",https://x.com/joshmedeski/status/2047724150635065771,2047724150635065771,38,"ClaudeWorkflows","#CLAUDE.md","Link to CLAUDE.md repo","joshmedeski",2026-04-25,FALSE,2026-05-25,"Pointer post with minimal original content"
"Guri Singh - JSON Prompting technique",https://x.com/heygurisingh/status/2047255410651132306,2047255410651132306,79,"PromptEngineering","#JSONPrompting #StructuredOutput","JSON Prompting technique for reliable AI output","heygurisingh",2026-04-25,FALSE,2026-05-25,"Shift to structured, code-like prompting"
"Zephyr - 5-word prompting framework",https://x.com/Zephyr_hg/status/2047208935854080319,2047208935854080319,68,"PromptEngineering","#5WordFramework","5-word prompting framework (Role/Task/Context/Format/Tone)","Zephyr_hg",2026-04-25,FALSE,2026-05-25,"Foundational quick-win prompting checklist"
"Nav Toor - 12 education prompts for kids",https://x.com/heynavtoor/status/2047279221912084908,2047279221912084908,52,"PromptEngineering","#EducationPrompts","12 education prompts for kids","heynavtoor",2026-04-25,FALSE,2026-05-25,"High-quality prompts but low relevance to personal projects"
"DataChaz - NVIDIA NIM free API to 80+ models",https://x.com/DataChaz/status/2047377809103032323,2047377809103032323,82,"Tooling","#NIM #LocalModels #MultiModel","NVIDIA NIM free API to 80+ models","DataChaz",2026-04-25,FALSE,2026-05-25,"Cost-effective local prototyping of multiple models"
"AuroraMar1eL - Claude best practices thread",https://x.com/AuroraMar1eL/status/2047271090683363761,2047271090683363761,88,"ClaudeWorkflows","#ClaudeBestPractices","Claude best practices thread","AuroraMar1eL",2026-04-25,FALSE,2026-05-25,"Practical Claude usage tips"
"Cryptopunk7213 - AI project idea",https://x.com/cryptopunk7213/status/2047037122972934536,2047037122972934536,75,"PersonalAIProjects","#ProjectIdea","AI project idea post","cryptopunk7213",2026-04-25,FALSE,2026-05-25,"Actionable project inspiration"
"PawelHuryn - AI workflow tip",https://x.com/PawelHuryn/status/2047205937413337182,2047205937413337182,80,"Workflows","#AIWorkflow","AI workflow tip","PawelHuryn",2026-04-25,FALSE,2026-05-25,"Workflow optimization"
"Oliviacoder1 - Coding best practice",https://x.com/Oliviacoder1/status/2046997782737940952,2046997782737940952,85,"ClaudeWorkflows","#CodingBestPractices","Coding best practice with AI","Oliviacoder1",2026-04-25,FALSE,2026-05-25,"Reduce LLM mistakes"
"DeRonin_ - Agent terminology",https://x.com/DeRonin_/status/2046903404279009472,2046903404279009472,78,"AgentBuilding","#AgentTerminology","Agent terminology and presentation","DeRonin_",2026-04-25,FALSE,2026-05-25,"Clear agent communication"
"BharukaShraddha - Prompting technique",https://x.com/BharukaShraddha/status/2047023130410131479,2047023130410131479,82,"PromptEngineering","#Prompting","Prompting technique post","BharukaShraddha",2026-04-25,FALSE,2026-05-25,"Advanced prompting"
"Suryanshti777 - Additional structured prompt thread",https://x.com/Suryanshti777/status/2047030456806465632,2047030456806465632,92,"PromptEngineering","#StructuredPrompts","Additional structured prompt thread","Suryanshti777",2026-04-25,FALSE,2026-05-25,"More Andrew Ng-style prompts"
"Rubenhassid - Claude design/UX prompting",https://x.com/rubenhassid/status/2046921968188788932,2046921968188788932,89,"PromptEngineering","#ClaudeUX","Claude design/UX prompting","rubenhassid",2026-04-25,FALSE,2026-05-25,"UX-focused prompting"
"Aakashgupta - Agent selection & context compression",https://x.com/aakashgupta/status/2046747824394805717,2046747824394805717,87,"AgentBuilding","#ContextCompression","Agent selection & context compression","aakashgupta",2026-04-25,FALSE,2026-05-25,"Context management for agents"
"Ihtesham2005 - Claude best practice",https://x.com/ihtesham2005/status/2046680428640354790,2046680428640354790,83,"ClaudeWorkflows","#ClaudeBestPractices","Claude best practice post","ihtesham2005",2026-04-25,FALSE,2026-05-25,"General Claude tips"
"Nav Toor - Additional AI engineering post",https://x.com/heynavtoor/status/2046476497800823280,2046476497800823280,84,"AIEngineering","#AIEngineering","Additional AI engineering post","heynavtoor",2026-04-25,FALSE,2026-05-25,"Engineering best practices"
"NainsiDwiv50980 - Claude skills breakdown",https://x.com/NainsiDwiv50980/status/2046227971124482293,2046227971124482293,85,"AgentGovernance","#ClaudeSkills","Anthropic engineer breakdown of Claude skills","NainsiDwiv50980",2026-04-25,FALSE,2026-05-25,"Modular skills systems"
"Rubenhassid - Real-world Claude use-case",https://x.com/rubenhassid/status/2046091489231667267,2046091489231667267,90,"AgentWorkflows","#RealWorldUse","Real-world Claude use-case post","rubenhassid",2026-04-25,FALSE,2026-05-25,"Practical automation"
"Om Patel - Additional CLAUDE.md post",https://x.com/om_patel5/status/2046058315851948397,2046058315851948397,81,"ClaudeWorkflows","#CLAUDE.md","Additional Karpathy-style CLAUDE.md post","om_patel5",2026-04-25,FALSE,2026-05-25,"Guardrails for AI coding"
"Swadeshkumar_ - AI best practice",https://x.com/swadeshkumar_/status/2045862819648901563,2045862819648901563,79,"PersonalAIProjects","#BestPractices","AI best practice post","swadeshkumar_",2026-04-25,FALSE,2026-05-25,"General AI tip"
"Rubenhassid - Autonomous routine",https://x.com/rubenhassid/status/2045804609554235659,2045804609554235659,88,"AgentWorkflows","#AutonomousRoutines","Autonomous routine best practice","rubenhassid",2026-04-25,FALSE,2026-05-25,"Autonomous agent routines"
"Defileo - Project structure tip",https://x.com/defileo/status/2045466421036007527,2045466421036007527,86,"ClaudeWorkflows","#ProjectStructure","Project structure for Claude Code","defileo",2026-04-25,FALSE,2026-05-25,"Repo organization"
"DataChaz - Additional tooling post",https://x.com/DataChaz/status/2045784379155226971,2045784379155226971,83,"Tooling","#Tooling","Additional NVIDIA/tooling post","DataChaz",2026-04-25,FALSE,2026-05-25,"Tooling best practice"
"Zodchiii - Token optimization",https://x.com/zodchiii/status/2044727451650076953,2044727451650076953,85,"PromptEngineering","#TokenOptimization","Token optimization & Claude workflow","zodchiii",2026-04-25,FALSE,2026-05-25,"Token-efficient prompting"
"Cgtwts - Multimodal RAG",https://x.com/cgtwts/status/2044988971449770321,2044988971449770321,80,"RAG","#MultimodalRAG","Multimodal RAG best practice","cgtwts",2026-04-25,FALSE,2026-05-25,"RAG techniques"
"Aakashgupta - Latent demand adoption",https://x.com/aakashgupta/status/2044827545531785603,2044827545531785603,82,"EnterpriseAI","#LatentDemand","Latent demand & internal tool rollout","aakashgupta",2026-04-25,FALSE,2026-05-25,"Adoption patterns"
"Coreyganim - Inversion thinking",https://x.com/coreyganim/status/2044455459411706284,2044455459411706284,84,"DecisionMaking","#InversionThinking","Inversion thinking for Claude","coreyganim",2026-04-25,FALSE,2026-05-25,"Decision frameworks"
"MillieMarconnni - Claude Coworker setup",https://x.com/MillieMarconnni/status/2044358003714097601,2044358003714097601,87,"AgentWorkflows","#ClaudeCoworker","Claude Coworker setup","MillieMarconnni",2026-04-25,FALSE,2026-05-25,"Setup best practices"
"Kirillk_web3 - Agent tip",https://x.com/kirillk_web3/status/2044001467833426003,2044001467833426003,76,"AgentBuilding","#AgentTip","Agent tip post","kirillk_web3",2026-04-25,FALSE,2026-05-25,"Agent building"
"Rubenhassid - Token optimization post",https://x.com/rubenhassid/status/2043932263021457834,2043932263021457834,89,"PromptEngineering","#TokenOptimization","Token-optimization best practice","rubenhassid",2026-04-25,FALSE,2026-05-25,"Token management"
"0xTengen_ - Context management",https://x.com/0xTengen_/status/2042923819812425913,2042923819812425913,81,"AgentBuilding","#ContextManagement","Context-management post","0xTengen_",2026-04-25,FALSE,2026-05-25,"Context strategies"
"Rubenhassid - Additional agent post",https://x.com/rubenhassid/status/2042558212990292013,2042558212990292013,85,"AgentWorkflows","#AgentWorkflow","Additional agent workflow","rubenhassid",2026-04-25,FALSE,2026-05-25,"Workflow tips"
"Zodchiii - Plugins & adoption",https://x.com/zodchiii/status/2042529018260656555,2042529018260656555,83,"Tooling","#ClaudePlugins","Claude plugins & latent-demand adoption","zodchiii",2026-04-25,FALSE,2026-05-25,"Plugin usage"
"Aakashgupta - Internal tool rollout",https://x.com/aakashgupta/status/2041863916981252547,2041863916981252547,84,"EnterpriseAI","#InternalTools","Internal tool rollout post","aakashgupta",2026-04-25,FALSE,2026-05-25,"Rollout strategies"
"Akshay_pachaar - Prompting post",https://x.com/akshay_pachaar/status/2040414818696634635,2040414818696634635,80,"PromptEngineering","#Prompting","Prompting technique","akshay_pachaar",2026-04-25,FALSE,2026-05-25,"Prompting"
"PrajwalTomar_ - Project idea",https://x.com/PrajwalTomar_/status/2040465931630198865,2040465931630198865,78,"PersonalAIProjects","#ProjectIdea","Project idea post","PrajwalTomar_",2026-04-25,FALSE,2026-05-25,"Project inspiration"
"Aiwithaman - Claude prompting",https://x.com/aiwithaman/status/2040273997217382757,2040273997217382757,86,"PromptEngineering","#ClaudePrompting","Claude prompting thread","aiwithaman",2026-04-25,FALSE,2026-05-25,"Prompting patterns"
"Gudanglifehack - Lifehack with AI",https://x.com/gudanglifehack/status/2040354380017524966,2040354380017524966,72,"PersonalAIProjects","#LifeHack","AI lifehack post","gudanglifehack",2026-04-25,FALSE,2026-05-25,"Personal productivity"
"Aakashgupta - Additional prompting",https://x.com/aakashgupta/status/2040201937438806483,2040201937438806483,81,"PromptEngineering","#Prompting","Additional prompting post","aakashgupta",2026-04-25,FALSE,2026-05-25,"Prompting"
"Businessbarista - Business AI tip",https://x.com/businessbarista/status/2040173733168468177,2040173733168468177,79,"EnterpriseAI","#BusinessAI","Business AI tip","businessbarista",2026-04-25,FALSE,2026-05-25,"Business application"
"Godofprompt - Prompting best practice",https://x.com/godofprompt/status/2040380099099250959,2040380099099250959,90,"PromptEngineering","#AdvancedPrompting","Advanced prompting post","godofprompt",2026-04-25,FALSE,2026-05-25,"Advanced prompting"
"Zodchiii - Final prompting post",https://x.com/zodchiii/status/2040000216456143002,2040000216456143002,82,"PromptEngineering","#Prompting","Final prompting post","zodchiii",2026-04-25,FALSE,2026-05-25,"Prompting"
